{
	"Version": 3,
	"Parameters": [
		{
			"Id": "Param28",
			"GroupId": "",
			"Name": "anjian"
		},
		{
			"Id": "Param31",
			"GroupId": "",
			"Name": "xx"
		},
		{
			"Id": "Param29",
			"GroupId": "",
			"Name": "脸黑"
		},
		{
			"Id": "Param30",
			"GroupId": "",
			"Name": "kuku"
		},
		{
			"Id": "Param",
			"GroupId": "ParamGroup",
			"Name": "果冻眼左1"
		},
		{
			"Id": "Param2",
			"GroupId": "ParamGroup",
			"Name": "果冻眼左2"
		},
		{
			"Id": "Param3",
			"GroupId": "ParamGroup",
			"Name": "果冻眼右1"
		},
		{
			"Id": "Param4",
			"GroupId": "ParamGroup",
			"Name": "果冻眼右2"
		},
		{
			"Id": "Param5",
			"GroupId": "ParamGroup2",
			"Name": "前中发物理1"
		},
		{
			"Id": "Param6",
			"GroupId": "ParamGroup2",
			"Name": "前中发物理2"
		},
		{
			"Id": "Param7",
			"GroupId": "ParamGroup2",
			"Name": "左前侧发物理1"
		},
		{
			"Id": "Param8",
			"GroupId": "ParamGroup2",
			"Name": "左前侧发物理2"
		},
		{
			"Id": "Param9",
			"GroupId": "ParamGroup2",
			"Name": "右前侧发物理1"
		},
		{
			"Id": "Param10",
			"GroupId": "ParamGroup2",
			"Name": "右前侧发物理2"
		},
		{
			"Id": "Param11",
			"GroupId": "ParamGroup2",
			"Name": "左边发物理1"
		},
		{
			"Id": "Param12",
			"GroupId": "ParamGroup2",
			"Name": "左边发物理2"
		},
		{
			"Id": "Param13",
			"GroupId": "ParamGroup2",
			"Name": "右边发物理1"
		},
		{
			"Id": "Param14",
			"GroupId": "ParamGroup2",
			"Name": "右边发物理2"
		},
		{
			"Id": "Param15",
			"GroupId": "ParamGroup2",
			"Name": "左碎发物理1"
		},
		{
			"Id": "Param16",
			"GroupId": "ParamGroup2",
			"Name": "左碎发物理2"
		},
		{
			"Id": "Param17",
			"GroupId": "ParamGroup2",
			"Name": "右碎发物理1"
		},
		{
			"Id": "Param18",
			"GroupId": "ParamGroup2",
			"Name": "右碎发物理2"
		},
		{
			"Id": "Param19",
			"GroupId": "ParamGroup2",
			"Name": "后发物理1"
		},
		{
			"Id": "Param20",
			"GroupId": "ParamGroup2",
			"Name": "后发物理2"
		},
		{
			"Id": "Param21",
			"GroupId": "ParamGroup3",
			"Name": "芦苇"
		},
		{
			"Id": "Param22",
			"GroupId": "ParamGroup3",
			"Name": "芦苇2"
		},
		{
			"Id": "Param23",
			"GroupId": "ParamGroup3",
			"Name": "qunzi"
		},
		{
			"Id": "Param24",
			"GroupId": "ParamGroup3",
			"Name": "qunzi1"
		},
		{
			"Id": "Param25",
			"GroupId": "ParamGroup3",
			"Name": "ruyao"
		},
		{
			"Id": "Param26",
			"GroupId": "ParamGroup3",
			"Name": "ruyao1"
		},
		{
			"Id": "Param27",
			"GroupId": "ParamGroup3",
			"Name": "shou1"
		},
		{
			"Id": "ParamAngleX",
			"GroupId": "",
			"Name": "角度 X"
		},
		{
			"Id": "ParamAngleY",
			"GroupId": "",
			"Name": "角度 Y"
		},
		{
			"Id": "ParamAngleZ",
			"GroupId": "",
			"Name": "角度 Z"
		},
		{
			"Id": "ParamBodyAngleX",
			"GroupId": "",
			"Name": "身体旋转　X"
		},
		{
			"Id": "ParamEyeLOpen",
			"GroupId": "",
			"Name": "左眼　开闭"
		},
		{
			"Id": "ParamEyeLSmile",
			"GroupId": "",
			"Name": "左眼　微笑"
		},
		{
			"Id": "ParamEyeROpen",
			"GroupId": "",
			"Name": "右眼"
		},
		{
			"Id": "ParamEyeRSmile",
			"GroupId": "",
			"Name": "右眼　微笑"
		},
		{
			"Id": "ParamEyeBallX",
			"GroupId": "",
			"Name": "眼珠 X"
		},
		{
			"Id": "ParamEyeBallY",
			"GroupId": "",
			"Name": "眼珠 Y"
		},
		{
			"Id": "ParamBrowLY",
			"GroupId": "",
			"Name": "左眉上下"
		},
		{
			"Id": "ParamBrowRY",
			"GroupId": "",
			"Name": "右眉　上下"
		},
		{
			"Id": "ParamBrowLX",
			"GroupId": "",
			"Name": "左眉　左右"
		},
		{
			"Id": "ParamBrowRX",
			"GroupId": "",
			"Name": "右眉　左右"
		},
		{
			"Id": "ParamBrowLAngle",
			"GroupId": "",
			"Name": "左眉　角度"
		},
		{
			"Id": "ParamBrowRAngle",
			"GroupId": "",
			"Name": "右眉　角度"
		},
		{
			"Id": "ParamBrowLForm",
			"GroupId": "",
			"Name": "左眉　変形"
		},
		{
			"Id": "ParamBrowRForm",
			"GroupId": "",
			"Name": "右眉　変形"
		},
		{
			"Id": "ParamMouthForm",
			"GroupId": "",
			"Name": "嘴　变形"
		},
		{
			"Id": "ParamMouthOpenY",
			"GroupId": "",
			"Name": "嘴　张开和闭合"
		},
		{
			"Id": "ParamCheek",
			"GroupId": "",
			"Name": "脸颊泛红"
		},
		{
			"Id": "ParamBodyAngleY",
			"GroupId": "",
			"Name": "身体旋转　Y"
		},
		{
			"Id": "ParamBodyAngleZ",
			"GroupId": "",
			"Name": "身体旋转　Z"
		},
		{
			"Id": "ParamBreath",
			"GroupId": "",
			"Name": "呼吸"
		},
		{
			"Id": "ParamHairFront",
			"GroupId": "",
			"Name": "摇动 前发"
		},
		{
			"Id": "ParamHairSide",
			"GroupId": "",
			"Name": "摇动 侧发"
		},
		{
			"Id": "ParamHairBack",
			"GroupId": "",
			"Name": "摇动 后发"
		},
		{
			"Id": "Param_Angle_Rotation_1_ArtMesh59",
			"GroupId": "ParamGroup4",
			"Name": "[0]左双马尾"
		},
		{
			"Id": "Param_Angle_Rotation_2_ArtMesh59",
			"GroupId": "ParamGroup4",
			"Name": "[1]左双马尾"
		},
		{
			"Id": "Param_Angle_Rotation_3_ArtMesh59",
			"GroupId": "ParamGroup4",
			"Name": "[2]左双马尾"
		},
		{
			"Id": "Param_Angle_Rotation_4_ArtMesh59",
			"GroupId": "ParamGroup4",
			"Name": "[3]左双马尾"
		},
		{
			"Id": "Param_Angle_Rotation_5_ArtMesh59",
			"GroupId": "ParamGroup4",
			"Name": "[4]左双马尾"
		},
		{
			"Id": "Param_Angle_Rotation_6_ArtMesh59",
			"GroupId": "ParamGroup4",
			"Name": "[5]左双马尾"
		},
		{
			"Id": "Param_Angle_Rotation_7_ArtMesh59",
			"GroupId": "ParamGroup4",
			"Name": "[6]左双马尾"
		},
		{
			"Id": "Param_Angle_Rotation_1_ArtMesh60",
			"GroupId": "ParamGroup5",
			"Name": "[0]右双马尾"
		},
		{
			"Id": "Param_Angle_Rotation_2_ArtMesh60",
			"GroupId": "ParamGroup5",
			"Name": "[1]右双马尾"
		},
		{
			"Id": "Param_Angle_Rotation_3_ArtMesh60",
			"GroupId": "ParamGroup5",
			"Name": "[2]右双马尾"
		},
		{
			"Id": "Param_Angle_Rotation_4_ArtMesh60",
			"GroupId": "ParamGroup5",
			"Name": "[3]右双马尾"
		},
		{
			"Id": "Param_Angle_Rotation_5_ArtMesh60",
			"GroupId": "ParamGroup5",
			"Name": "[4]右双马尾"
		},
		{
			"Id": "Param_Angle_Rotation_6_ArtMesh60",
			"GroupId": "ParamGroup5",
			"Name": "[5]右双马尾"
		},
		{
			"Id": "Param_Angle_Rotation_7_ArtMesh60",
			"GroupId": "ParamGroup5",
			"Name": "[6]右双马尾"
		}
	],
	"ParameterGroups": [
		{
			"Id": "ParamGroup",
			"GroupId": "",
			"Name": "果冻"
		},
		{
			"Id": "ParamGroup2",
			"GroupId": "",
			"Name": "头发物理"
		},
		{
			"Id": "ParamGroup3",
			"GroupId": "",
			"Name": "物理"
		},
		{
			"Id": "ParamGroup4",
			"GroupId": "",
			"Name": "左双马尾"
		},
		{
			"Id": "ParamGroup5",
			"GroupId": "",
			"Name": "右双马尾"
		}
	],
	"Parts": [
		{
			"Id": "Part12",
			"Name": "星星眼1.psd(未找到对应图层)"
		},
		{
			"Id": "Part11",
			"Name": "星星.psd(未找到对应图层)"
		},
		{
			"Id": "Part17",
			"Name": "大芦苇拆分.psd(未找到对应图层)"
		},
		{
			"Id": "Part",
			"Name": "前发"
		},
		{
			"Id": "Part2",
			"Name": "表情"
		},
		{
			"Id": "Part3",
			"Name": "服装"
		},
		{
			"Id": "Part5",
			"Name": "胳膊"
		},
		{
			"Id": "Part6",
			"Name": "身体"
		},
		{
			"Id": "Part7",
			"Name": "后发"
		},
		{
			"Id": "Part8",
			"Name": "头环"
		},
		{
			"Id": "Part14",
			"Name": "身体"
		},
		{
			"Id": "Part4",
			"Name": "娃娃"
		},
		{
			"Id": "ArtMesh59_Skinning",
			"Name": "左双马尾(蒙皮)"
		},
		{
			"Id": "Part9",
			"Name": "左双马尾(旋转)"
		},
		{
			"Id": "ArtMesh60_Skinning",
			"Name": "右双马尾(蒙皮)"
		},
		{
			"Id": "Part10",
			"Name": "右双马尾(旋转)"
		}
	],
	"CombinedParameters": [
		[
			"ParamEyeBallX",
			"ParamEyeBallY"
		]
	]
}