{
	"Version": 3,
	"FileReferences": {
		"Moc": "大芦苇.moc3",
		"Textures": [
			"大芦苇.4096/texture_00.png"
		],
		"Physics": "大芦苇.physics3.json",
		"DisplayInfo": "大芦苇.cdi3.json",
		"Expressions": [
			{
				"Name": "1",
				"File": "1.exp3.json"
			},
			{
				"Name": "2",
				"File": "2.exp3.json"
			},
			{
				"Name": "3",
				"File": "3.exp3.json"
			},
			{
				"Name": "4",
				"File": "4.exp3.json"
			}
		]
	},
	"Groups": [
		{
			"Target": "Parameter",
			"Name": "EyeBlink",
			"Ids": [
				"ParamEyeLOpen",
				"ParamEyeROpen"
			]
		},
		{
			"Target": "Parameter",
			"Name": "LipSync",
			"Ids": []
		}
	],
	"HitAreas": []
}